favicon,projectName,header,body,footer,createdBy
,Financiamiento/ Asientos de Cuero,,,,
,Mantenimiento Programado/ Bluetooth,,,,
,Descuentos en Repuestos/ Sistema de Navegación,,,,
,Programa de Lealtad/ Asesoramiento Personalizado,,,,
,Promociones Especiales/ Seguro a Terceros,,,,
,Actualizaciones de Modelos/ Servicio Rápido,,,,
,Reparaciones Gratuitas/ Opciones de Financiamiento,,,,
,Programa de Recomendaciones/ Asientos Calefaccionados,,,,
,Actualizaciones de Software/ Paquetes de Entretenimiento,,,,
,Descuentos en Accesorios/ Preferencia por SUV,,,,
,Paquetes de Servicios/ Actualizaciones de Tecnología,,,,
,Ofertas Especiales/ Asesoramiento de Financiamiento,,,,
,Programa de Recompensas/ Asientos Ventilados,,,,
,Mantenimiento Programado/ Preferencia por Color Blanco,,,,
,Descuentos en Repuestos/ Asesoramiento de Seguros,,,,
,Actualizaciones de Modelos/ Preferencia por Sedanes,,,,
,Regalos de Cumpleaños/ Opciones de Financiamiento,,,,
,Actualizaciones de Tecnología/ Programas de Lealtad,,,,
,Descuentos en Accesorios/ Preferencia por Hatchbacks,,,,
,Asientos con Ajuste Eléctrico/ Ofertas de Fin de Año,,,,
,Sistema de Entretenimiento/ Descuentos en Servicios,,,,
,Asesoramiento de Repuestos/ Preferencia por Compactos,,,,
,Paquetes de Mantenimiento/ Ofertas en Accesorios,,,,
,Programa de Recomendaciones/ Descuentos en Reparaciones,,,,
,Actualizaciones de Navegación/ Preferencia por Sedanes,,,,
,Asientos con Calefacción/ Descuentos en Seguros,,,,
,Actualizaciones de Tecnología/ Preferencia por SUVs,,,,
,Programa de Lealtad/ Descuentos en Mantenimiento,,,,
,Sistema de Sonido Premium/ Preferencia por Híbridos,,,,
,Descuentos en Financiamiento/ Preferencia por Off-Road,,,,
,Descuentos en Repuestos/ Preferencia por Hatchbacks,,,,
,Sistema de Entretenimiento/ Descuentos en Mantenimiento,,,,
,Programa de Recomendaciones/ Asientos Ventilados,,,,
,Descuentos en Accesorios/ Actualizaciones de Software,,,,
,Mantenimiento Programado/ Preferencia por SUVs,,,,
,Ofertas Especiales/ Asesoramiento de Financiamiento,,,,
,Programa de Recompensas/ Descuentos en Seguros,,,,
,Asesoramiento de Repuestos/ Preferencia por Sedanes,,,,
,Descuentos en Mantenimiento/ Preferencia por Minivans,,,,
,Sistema de Sonido Premium/ Descuentos en Financiamiento,,,,
,Descuentos en Repuestos/ Preferencia por Minivans,,,,
,Sistema de Navegación/ Descuentos en Mantenimiento,,,,
,Programa de Recomendaciones/ Preferencia por SUVs,,,,
,Mantenimiento Programado/ Descuentos en Seguros,,,,
,Sistema de Entretenimiento/ Preferencia por Vehículos Grandes,,,,
,Descuentos en Accesorios/ Asesoramiento de Financiamiento,,,,
,Ofertas Especiales/ Preferencia por SUVs,,,,
,Actualizaciones de Tecnología/ Descuentos en Mantenimiento,,,,
,Descuentos en Seguros/ Preferencia por Sedanes,,,,
,Programa de Lealtad/ Descuentos en Repuestos,,,,
,Promociones Especiales/ Seguro a Terceros,,,,
,Actualizaciones de Modelos/ Servicio Rápido,,,,
,Reparaciones Gratuitas/ Opciones de Financiamiento,,,,
,Programa de Recomendaciones/ Asientos Calefaccionados,,,,
,Actualizaciones de Software/ Paquetes de Entretenimiento,,,,
,Descuentos en Accesorios/ Preferencia por SUV,,,,
,Paquetes de Servicios/ Actualizaciones de Tecnología,,,,
,Ofertas Especiales/ Asesoramiento de Financiamiento,,,,
,Programa de Recompensas/ Asientos Ventilados,,,,
,Mantenimiento Programado/ Preferencia por Color Blanco,,,,
,Descuentos en Repuestos/ Asesoramiento de Seguros,,,,
,Actualizaciones de Modelos/ Preferencia por Sedanes,,,,
,Regalos de Cumpleaños/ Opciones de Financiamiento,,,,
,Actualizaciones de Tecnología/ Programas de Lealtad,,,,
,Descuentos en Accesorios/ Preferencia por Hatchbacks,,,,
,Asientos con Ajuste Eléctrico/ Ofertas de Fin de Año,,,,
,Sistema de Entretenimiento/ Descuentos en Servicios,,,,
,Asesoramiento de Repuestos/ Preferencia por Compactos,,,,
,Paquetes de Mantenimiento/ Ofertas en Accesorios,,,,
,Programa de Recomendaciones/ Descuentos en Reparaciones,,,,
,Actualizaciones de Navegación/ Preferencia por Sedanes,,,,
,Asientos con Calefacción/ Descuentos en Seguros,,,,
,Actualizaciones de Tecnología/ Preferencia por SUVs,,,,
,Programa de Lealtad/ Descuentos en Mantenimiento,,,,
,Sistema de Sonido Premium/ Preferencia por Híbridos,,,,
,Descuentos en Financiamiento/ Preferencia por Off-Road,,,,
,Asientos con Calefacción/ Descuentos en Seguros,,,,
,Actualizaciones de Tecnología/ Preferencia por SUVs,,,,
,Programa de Lealtad/ Descuentos en Mantenimiento,,,,
,Sistema de Sonido Premium/ Preferencia por Híbridos,,,,
,Descuentos en Financiamiento/ Preferencia por Off-Road,,,,
,Descuentos en Repuestos/ Preferencia por Hatchbacks,,,,
,Sistema de Entretenimiento/ Descuentos en Mantenimiento,,,,
,Programa de Recomendaciones/ Asientos Ventilados,,,,
,Descuentos en Accesorios/ Actualizaciones de Software,,,,
,Mantenimiento Programado/ Preferencia por SUVs,,,,
,Ofertas Especiales/ Asesoramiento de Financiamiento,,,,
,Programa de Recompensas/ Descuentos en Seguros,,,,
,Asesoramiento de Repuestos/ Preferencia por Sedanes,,,,
,Descuentos en Mantenimiento/ Preferencia por Minivans,,,,
,Sistema de Sonido Premium/ Descuentos en Financiamiento,,,,
,Descuentos en Repuestos/ Preferencia por Minivans,,,,
,Sistema de Navegación/ Descuentos en Mantenimiento,,,,
,Programa de Recomendaciones/ Preferencia por SUVs,,,,
,Mantenimiento Programado/ Descuentos en Seguros,,,,
,Asientos con Calefacción/ Descuentos en Seguros,,,,
,Actualizaciones de Tecnología/ Preferencia por SUVs,,,,
,Programa de Lealtad/ Descuentos en Mantenimiento,,,,
,Sistema de Sonido Premium/ Preferencia por Híbridos,,,,
,Descuentos en Financiamiento/ Preferencia por Off-Road,,,,